Name,age,Email Id,Phone Number,Birth Date,Address,Zip Code,Country
Jonathan Flores,49,Jonathan.Flores@gmail.com,+44(0)141 4960106,31-12-1987,"39819 Melissa Groves
Port Gregory, NV 47625",62315,India
Laura Reed,60,Laura.Reed@gmail.com,+44(0)113 496 0814,24-10-1977,"8038 Bowen Curve Apt. 075
South Davidfort, NJ 21393",37237,India
Karen Sandoval,36,Karen.Sandoval@gmail.com,029 2018 0339,04-01-1992,"487 Joel Station Suite 162
Jasonmouth, IN 47956",29610,India
Charlotte Macdonald,47,Charlotte.Macdonald@gmail.com,029 2018795,15-02-1990,"633 Allison Villages
Port Lisaberg, VT 47121",61101,India
Natasha Fox,37,Natasha.Fox@gmail.com,0808 157 0182,25-07-1974,"4033 Christian Village
South Denisefort, AZ 10988",07040,India
Ronald Andrews,37,Ronald.Andrews@gmail.com,+44(0)1414960176,19-09-1999,"165 John Manors Suite 065
West Jacob, IA 77418",75388,India
Kristina Chavez,52,Kristina.Chavez@gmail.com,+44(0)151 4960471,13-02-1975,"3389 Kelly Plaza Apt. 854
Christopherton, NM 84580",21622,India
Alexis Jensen,44,Alexis.Jensen@gmail.com,+44(0)1614960564,21-07-1996,"62753 Arellano Court
Michaelfort, HI 68199",23651,India
Elizabeth Gardner,38,Elizabeth.Gardner@gmail.com,(0151) 4960036,11-11-1974,"8913 Brown Harbors
Johnstonstad, IN 73208",23852,India
Gary Kelley,35,Gary.Kelley@gmail.com,01632 960 433,29-03-1998,"07935 Roy Meadows
Steinberg, PA 14078",02952,India
